InputID,TargetID,Distance
"1",Obelisco,13497.0841349566
"2",Obelisco,13556.7554259902
"3",Obelisco,12298.2643522965
"4",Obelisco,10771.2455633276
"5",Obelisco,9099.3174251048
"6",Obelisco,8325.9832025756
"7",Obelisco,7676.40315532627
"8",Obelisco,6125.90724979077
"9",Obelisco,4728.79997884216
"10",Obelisco,4540.59579407854
"11",Obelisco,6360.17682276377
"12",Obelisco,5081.63033300178
"13",Obelisco,2886.2835188807
"14",Obelisco,4049.69378350846
"15",Obelisco,9699.97871152386
"16",Obelisco,13988.9294997725
"17",Obelisco,13584.0120485074
"18",Obelisco,13541.2787857669
"19",Obelisco,13485.6591055853
"20",Obelisco,14189.7797560814
"21",Obelisco,13568.5214848556
"22",Obelisco,14254.6767668692
"23",Obelisco,13392.0392923055
"24",Obelisco,14255.8947937189
"25",Obelisco,14352.50826791
"26",Obelisco,13649.1913263084
"27",Obelisco,13429.2293998881
"28",Obelisco,14204.5163367494
"29",Obelisco,13985.7118170235
"30",Obelisco,14348.0760657758
"31",Obelisco,14289.1869547817
"32",Obelisco,13263.7056752106
"33",Obelisco,13595.6992713217
"34",Obelisco,14151.2754613508
"35",Obelisco,13272.032531799
"36",Obelisco,13083.6533300134
"37",Obelisco,13061.6523319524
"38",Obelisco,13304.4114238804
"39",Obelisco,12981.951362828
"40",Obelisco,13301.7851314112
"41",Obelisco,13313.4143686315
"42",Obelisco,13511.24010466
"43",Obelisco,13198.0401670259
"44",Obelisco,14132.440578322
"45",Obelisco,14261.6270904382
"46",Obelisco,13140.1455184135
"47",Obelisco,12906.2343189464
"48",Obelisco,13862.4230561869
"49",Obelisco,13854.222473112
"50",Obelisco,12827.9410348102
"51",Obelisco,12993.2315557022
"52",Obelisco,12752.5533962682
"53",Obelisco,13564.0574354601
"54",Obelisco,12708.23385811
"55",Obelisco,12686.6288077219
"56",Obelisco,12702.2630400696
"57",Obelisco,12954.7715924435
"58",Obelisco,12726.204947807
"59",Obelisco,13651.9254890914
"60",Obelisco,12676.6176769698
"61",Obelisco,13347.0341496701
"62",Obelisco,13781.4365891082
"63",Obelisco,12664.362693433
"64",Obelisco,12664.5488382887
"65",Obelisco,12735.1689214409
"66",Obelisco,13425.2705674028
"67",Obelisco,12605.8626511115
"68",Obelisco,12508.2711251422
"69",Obelisco,12554.7751063614
"70",Obelisco,12489.8919089787
"71",Obelisco,13533.1558991417
"72",Obelisco,12502.0320551088
"73",Obelisco,12503.4154190946
"74",Obelisco,12503.3229633284
"75",Obelisco,12496.7376705622
"76",Obelisco,13222.118170612
"77",Obelisco,12544.0768551393
"78",Obelisco,12398.1090216308
"79",Obelisco,12395.5918268884
"80",Obelisco,13494.7696266291
"81",Obelisco,13054.8768490157
"82",Obelisco,12496.8453136248
"83",Obelisco,12421.6816599668
"84",Obelisco,12441.232374214
"85",Obelisco,12445.3598529275
"86",Obelisco,12761.9906038341
"87",Obelisco,13279.596020517
"88",Obelisco,13444.3657386735
"89",Obelisco,12447.0266368241
"90",Obelisco,12307.7915888624
"91",Obelisco,12372.1011945979
"92",Obelisco,12288.9808905288
"93",Obelisco,12830.0147954338
"94",Obelisco,12284.6648733295
"95",Obelisco,12290.6695773096
"96",Obelisco,12211.8026476533
"97",Obelisco,12174.5411490149
"98",Obelisco,12170.8353476407
"99",Obelisco,13175.5356811601
"100",Obelisco,12300.8309632039
"101",Obelisco,12170.4619719631
"102",Obelisco,12243.6201117616
"103",Obelisco,12937.712052175
"104",Obelisco,12714.5603479088
"105",Obelisco,12485.4894285526
"106",Obelisco,12169.5001232814
"107",Obelisco,12852.6557729297
"108",Obelisco,12859.047859486
"109",Obelisco,13050.7072775475
"110",Obelisco,12090.0474337239
"111",Obelisco,12676.9063846543
"112",Obelisco,12042.8275015001
"113",Obelisco,13402.9781928776
"114",Obelisco,12408.6159557723
"115",Obelisco,12551.0421639834
"116",Obelisco,12048.9100013696
"117",Obelisco,11973.3792585313
"118",Obelisco,13436.6377615964
"119",Obelisco,13601.6196415472
"120",Obelisco,12018.0602806095
"121",Obelisco,12225.8570579545
"122",Obelisco,12011.8615920517
"123",Obelisco,11979.5139557094
"124",Obelisco,13786.2679653894
"125",Obelisco,11892.1672187466
"126",Obelisco,11989.5518573916
"127",Obelisco,11895.2117537584
"128",Obelisco,13090.2091773098
"129",Obelisco,11862.460215919
"130",Obelisco,12086.903819221
"131",Obelisco,11946.1720079685
"132",Obelisco,13224.0491157796
"133",Obelisco,11883.0063952435
"134",Obelisco,13145.5732011735
"135",Obelisco,12877.4581386449
"136",Obelisco,12120.8112902927
"137",Obelisco,12160.0330894058
"138",Obelisco,11819.7152599246
"139",Obelisco,11879.484835154
"140",Obelisco,12041.3002853579
"141",Obelisco,13022.586636579
"142",Obelisco,11738.8566045599
"143",Obelisco,11737.1178556973
"144",Obelisco,11816.7575428059
"145",Obelisco,11724.6558090344
"146",Obelisco,12004.4635751934
"147",Obelisco,11681.5517482747
"148",Obelisco,11855.481862301
"149",Obelisco,11688.4336002193
"150",Obelisco,11765.2271720672
"151",Obelisco,13588.3686489312
"152",Obelisco,12028.8340965132
"153",Obelisco,13059.2152528455
"154",Obelisco,13434.0612498054
"155",Obelisco,12928.631581665
"156",Obelisco,11682.3926160415
"157",Obelisco,13540.5654264147
"158",Obelisco,11628.9576023161
"159",Obelisco,12617.5562902017
"160",Obelisco,11575.9228381773
"161",Obelisco,13109.417981593
"162",Obelisco,11655.469661307
"163",Obelisco,11750.9672021024
"164",Obelisco,11543.3211247327
"165",Obelisco,12615.068484345
"166",Obelisco,11519.5365093579
"167",Obelisco,12174.8394548647
"168",Obelisco,11737.2022497456
"169",Obelisco,11621.3835398027
"170",Obelisco,11496.9582721877
"171",Obelisco,11972.2687999317
"172",Obelisco,11632.4403117741
"173",Obelisco,13411.9837284968
"174",Obelisco,12063.5600863449
"175",Obelisco,11485.7192276465
"176",Obelisco,11629.7647482966
"177",Obelisco,11618.4821715553
"178",Obelisco,13559.7848353361
"179",Obelisco,11567.5670310043
"180",Obelisco,11624.2951317573
"181",Obelisco,11565.7718709124
"182",Obelisco,11472.5880846951
"183",Obelisco,12042.0813429662
"184",Obelisco,11636.1930829537
"185",Obelisco,11430.8323885185
"186",Obelisco,12420.3165031356
"187",Obelisco,11411.8559334459
"188",Obelisco,13530.2394522314
"189",Obelisco,12249.0624789676
"190",Obelisco,11439.1254789564
"191",Obelisco,11362.6857544249
"192",Obelisco,11869.2635103426
"193",Obelisco,11857.2018656213
"194",Obelisco,12311.1429019901
"195",Obelisco,11944.2975235919
"196",Obelisco,11411.3206366217
"197",Obelisco,11366.4934593144
"198",Obelisco,11847.6339223795
"199",Obelisco,12023.0810566056
"200",Obelisco,11965.0817516975
"201",Obelisco,11595.8036430483
"202",Obelisco,11319.9814272794
"203",Obelisco,11305.9822754247
"204",Obelisco,11365.7062021234
"205",Obelisco,11572.6614010264
"206",Obelisco,11651.1888835021
"207",Obelisco,11283.2778551829
"208",Obelisco,11278.3462417594
"209",Obelisco,13339.1454938736
"210",Obelisco,11445.6466547355
"211",Obelisco,11199.3420312968
"212",Obelisco,11289.2699784159
"213",Obelisco,11918.2397554493
"214",Obelisco,11607.1526459486
"215",Obelisco,11154.158742184
"216",Obelisco,11646.9084511062
"217",Obelisco,12788.6446685313
"218",Obelisco,11910.6308163827
"219",Obelisco,12625.1994631384
"220",Obelisco,12522.6574683025
"221",Obelisco,12297.9751406246
"222",Obelisco,11376.0087896901
"223",Obelisco,11216.7351870816
"224",Obelisco,11156.5247656922
"225",Obelisco,11238.6478387985
"226",Obelisco,11260.6827499317
"227",Obelisco,11101.0761035276
"228",Obelisco,11524.2821237472
"229",Obelisco,11096.524781149
"230",Obelisco,11220.7692291265
"231",Obelisco,11806.8541998151
"232",Obelisco,12915.1846100077
"233",Obelisco,12204.3774131927
"234",Obelisco,11317.9106472529
"235",Obelisco,11186.1007189472
"236",Obelisco,11108.498473567
"237",Obelisco,11105.7023481693
"238",Obelisco,11701.8515992901
"239",Obelisco,11682.5030519077
"240",Obelisco,11604.2633887126
"241",Obelisco,11242.9875262023
"242",Obelisco,12163.6727105898
"243",Obelisco,11701.0901789032
"244",Obelisco,11155.8200929724
"245",Obelisco,11095.7373697171
"246",Obelisco,11721.7697195337
"247",Obelisco,11453.9758504121
"248",Obelisco,11196.1848290785
"249",Obelisco,11820.2117916962
"250",Obelisco,11703.7421204421
"251",Obelisco,11704.7256530962
"252",Obelisco,12827.5089299483
"253",Obelisco,11506.344986637
"254",Obelisco,11541.0807349235
"255",Obelisco,10990.8079215682
"256",Obelisco,12762.8211000216
"257",Obelisco,11809.1966173005
"258",Obelisco,10987.3564845332
"259",Obelisco,11612.8299027503
"260",Obelisco,11473.4639714598
"261",Obelisco,10970.7511274271
"262",Obelisco,10889.950312396
"263",Obelisco,11490.7222954063
"264",Obelisco,10871.7641101779
"265",Obelisco,10883.0150915836
"266",Obelisco,10920.6738299857
"267",Obelisco,11985.985361193
"268",Obelisco,11290.1160650377
"269",Obelisco,11852.1129011754
"270",Obelisco,11541.9652741626
"271",Obelisco,10815.3389428269
"272",Obelisco,10959.2224481047
"273",Obelisco,10854.5943050326
"274",Obelisco,12243.0616197589
"275",Obelisco,12295.4856891182
"276",Obelisco,10814.4567687879
"277",Obelisco,11625.0542748865
"278",Obelisco,10972.5931976083
"279",Obelisco,10772.5195399288
"280",Obelisco,11277.0890859602
"281",Obelisco,12253.5413156324
"282",Obelisco,11352.9307837894
"283",Obelisco,12729.3757013215
"284",Obelisco,11065.4569659101
"285",Obelisco,11236.7776741004
"286",Obelisco,10728.3003808882
"287",Obelisco,10739.4011744411
"288",Obelisco,11021.6395971673
"289",Obelisco,11728.0331300315
"290",Obelisco,11240.1978908428
"291",Obelisco,11004.6348614739
"292",Obelisco,11468.7749046735
"293",Obelisco,10653.0973871469
"294",Obelisco,12146.19121507
"295",Obelisco,11005.667418479
"296",Obelisco,12052.0763515472
"297",Obelisco,11480.4373744514
"298",Obelisco,11391.9320699136
"299",Obelisco,11605.7384315708
"300",Obelisco,11266.321850092
"301",Obelisco,10621.8222178978
"302",Obelisco,12026.537066885
"303",Obelisco,10751.8921515015
"304",Obelisco,11631.7974366699
"305",Obelisco,11518.2414933801
"306",Obelisco,10931.0529959402
"307",Obelisco,11123.4007963987
"308",Obelisco,10694.3575702725
"309",Obelisco,10919.4031274067
"310",Obelisco,10961.4401583537
"311",Obelisco,11212.4386754614
"312",Obelisco,10907.7361213422
"313",Obelisco,10533.4104097543
"314",Obelisco,11925.9152372343
"315",Obelisco,11207.0481839284
"316",Obelisco,11353.2489373756
"317",Obelisco,10719.825142743
"318",Obelisco,11207.2549959229
"319",Obelisco,10775.43733436
"320",Obelisco,11025.9429993606
"321",Obelisco,10499.0672256822
"322",Obelisco,10763.2265107318
"323",Obelisco,11279.9931880653
"324",Obelisco,10464.9938080569
"325",Obelisco,11834.7300652594
"326",Obelisco,10886.5384538632
"327",Obelisco,11808.4938480243
"328",Obelisco,11201.1391288935
"329",Obelisco,10705.6103755145
"330",Obelisco,10645.7203459367
"331",Obelisco,11257.2506691591
"332",Obelisco,11198.6184949339
"333",Obelisco,10751.022328554
"334",Obelisco,10856.1529360808
"335",Obelisco,11186.0485935656
"336",Obelisco,10409.266172546
"337",Obelisco,11975.2351520107
"338",Obelisco,10987.5567756958
"339",Obelisco,10833.4718934028
"340",Obelisco,10684.3553260217
"341",Obelisco,11164.7621237983
"342",Obelisco,11893.5398131179
"343",Obelisco,10618.8748749265
"344",Obelisco,11605.4429234142
"345",Obelisco,11045.816439725
"346",Obelisco,10976.3183292831
"347",Obelisco,11215.1537315868
"348",Obelisco,10917.6850824362
"349",Obelisco,11713.2553610196
"350",Obelisco,11279.3017596265
"351",Obelisco,10897.0746125233
"352",Obelisco,10594.2344268301
"353",Obelisco,10578.9139373395
"354",Obelisco,10919.602033632
"355",Obelisco,10603.1972155594
"356",Obelisco,11764.0195068953
"357",Obelisco,10448.5786221762
"358",Obelisco,10371.702846175
"359",Obelisco,11243.3287592574
"360",Obelisco,10313.7447158267
"361",Obelisco,11255.2546082625
"362",Obelisco,10326.5513799668
"363",Obelisco,10284.5686682364
"364",Obelisco,10952.2473289835
"365",Obelisco,10454.1063652341
"366",Obelisco,11423.6622831415
"367",Obelisco,10279.9496478191
"368",Obelisco,10722.0748521864
"369",Obelisco,11088.6457202668
"370",Obelisco,10365.3354230925
"371",Obelisco,10896.6523880507
"372",Obelisco,10461.2777314616
"373",Obelisco,12199.024077376
"374",Obelisco,11291.1559454609
"375",Obelisco,11577.2237438862
"376",Obelisco,10500.4136645071
"377",Obelisco,10207.4283140206
"378",Obelisco,12184.4705179372
"379",Obelisco,10210.3954129001
"380",Obelisco,10201.673764795
"381",Obelisco,11797.2943117015
"382",Obelisco,10185.0120213822
"383",Obelisco,11899.3440460591
"384",Obelisco,10665.0762400991
"385",Obelisco,10470.8326813296
"386",Obelisco,10471.5322620228
"387",Obelisco,10165.600491883
"388",Obelisco,10417.9894959393
"389",Obelisco,11543.3218292959
"390",Obelisco,11451.103024069
"391",Obelisco,10264.5170679535
"392",Obelisco,10172.7075168381
"393",Obelisco,11773.9542378739
"394",Obelisco,10479.4983623767
"395",Obelisco,10132.139236675
"396",Obelisco,10717.0691187346
"397",Obelisco,10123.8833740942
"398",Obelisco,10118.0373512277
"399",Obelisco,11143.1696371998
"400",Obelisco,10784.8937538422
"401",Obelisco,10392.2092430278
"402",Obelisco,11501.7593172021
"403",Obelisco,10625.5390957447
"404",Obelisco,10103.0888082028
"405",Obelisco,10774.9143028136
"406",Obelisco,10097.0207610448
"407",Obelisco,11465.8608142693
"408",Obelisco,11465.8390350413
"409",Obelisco,11048.9413795966
"410",Obelisco,11476.4383025428
"411",Obelisco,10571.2559590171
"412",Obelisco,11345.9579502292
"413",Obelisco,10397.4931137851
"414",Obelisco,10757.3615914113
"415",Obelisco,12241.3186315164
"416",Obelisco,10869.5028101194
"417",Obelisco,10067.6956846597
"418",Obelisco,10739.717167732
"419",Obelisco,10272.5999637092
"420",Obelisco,10938.92225573
"421",Obelisco,10600.23851953
"422",Obelisco,11092.9294322599
"423",Obelisco,10646.5344534191
"424",Obelisco,10305.7828793691
"425",Obelisco,10300.3238402955
"426",Obelisco,10346.2474868945
"427",Obelisco,9990.06445612411
"428",Obelisco,10000.2474633321
"429",Obelisco,10055.6695712543
"430",Obelisco,10609.669670115
"431",Obelisco,10341.0600303448
"432",Obelisco,9968.23903943137
"433",Obelisco,10591.3622524431
"434",Obelisco,10593.3439230276
"435",Obelisco,11564.9352983166
"436",Obelisco,10807.2890097219
"437",Obelisco,10224.2943684745
"438",Obelisco,9937.91578634145
"439",Obelisco,11580.411649486
"440",Obelisco,10837.3243542422
"441",Obelisco,11059.2161509261
"442",Obelisco,11241.6423968284
"443",Obelisco,10094.7031909963
"444",Obelisco,9886.18406413485
"445",Obelisco,10648.8056294048
"446",Obelisco,10494.0726929971
"447",Obelisco,10177.5147996427
"448",Obelisco,11534.9527468181
"449",Obelisco,10562.671836706
"450",Obelisco,10735.8669518253
"451",Obelisco,10152.888950142
"452",Obelisco,11323.2767439243
"453",Obelisco,10473.251214576
"454",Obelisco,9828.0870646564
"455",Obelisco,10473.1898868682
"456",Obelisco,11420.7451185224
"457",Obelisco,10090.2320416468
"458",Obelisco,11415.970054832
"459",Obelisco,10594.5965480022
"460",Obelisco,9809.75384209172
"461",Obelisco,11484.7121306993
"462",Obelisco,9999.39937824223
"463",Obelisco,10009.9691760542
"464",Obelisco,9791.85660272786
"465",Obelisco,10100.1017540606
"466",Obelisco,9793.24963980107
"467",Obelisco,9805.92337337889
"468",Obelisco,11035.8235673292
"469",Obelisco,10600.7112285296
"470",Obelisco,9973.22219865708
"471",Obelisco,9775.74563446802
"472",Obelisco,10014.5941084533
"473",Obelisco,9795.19975467903
"474",Obelisco,10168.2341356943
"475",Obelisco,10135.8766301192
"476",Obelisco,9774.56955798475
"477",Obelisco,10973.9354626461
"478",Obelisco,11048.3272371635
"479",Obelisco,10352.8416979323
"480",Obelisco,10583.7307478865
"481",Obelisco,9723.67973326252
"482",Obelisco,9737.84453783156
"483",Obelisco,11047.2425919049
"484",Obelisco,10145.3690459284
"485",Obelisco,10515.9210542683
"486",Obelisco,10465.8341834224
"487",Obelisco,9689.82462460597
"488",Obelisco,10463.102693493
"489",Obelisco,9940.06767449294
"490",Obelisco,9663.03783255306
"491",Obelisco,10804.2958318936
"492",Obelisco,9650.38234429888
"493",Obelisco,11652.7798058634
"494",Obelisco,9744.49534937132
"495",Obelisco,10656.7792201052
"496",Obelisco,10814.9002094764
"497",Obelisco,10730.6848015385
"498",Obelisco,9944.19173644999
"499",Obelisco,9593.03721340358
"500",Obelisco,9732.74882258799
"501",Obelisco,9811.40646989592
"502",Obelisco,9573.30027367386
"503",Obelisco,10685.9247649842
"504",Obelisco,11512.6970198758
"505",Obelisco,11151.1010698506
"506",Obelisco,10378.8496822345
"507",Obelisco,9746.28662000052
"508",Obelisco,10948.3046483799
"509",Obelisco,10239.7483131342
"510",Obelisco,9771.95567931753
"511",Obelisco,11563.5793672817
"512",Obelisco,11141.8806042789
"513",Obelisco,9762.95714504086
"514",Obelisco,9570.25699542768
"515",Obelisco,9923.51721603219
"516",Obelisco,9817.24866731222
"517",Obelisco,10326.2893687035
"518",Obelisco,11111.9807869877
"519",Obelisco,11319.1877593349
"520",Obelisco,10187.0997763293
"521",Obelisco,11314.0341038221
"522",Obelisco,10287.2428929753
"523",Obelisco,11376.8929160487
"524",Obelisco,11169.6142930978
"525",Obelisco,9821.18290585472
"526",Obelisco,9448.71378243579
"527",Obelisco,9821.14157775758
"528",Obelisco,9821.11731620719
"529",Obelisco,10622.7752943953
"530",Obelisco,10555.6287935242
"531",Obelisco,9699.24203017733
"532",Obelisco,11144.5792246708
"533",Obelisco,10562.6158555361
"534",Obelisco,10604.8447200228
"535",Obelisco,9808.17232953092
"536",Obelisco,9614.71157674409
"537",Obelisco,9585.21889762519
"538",Obelisco,10060.6374160992
"539",Obelisco,9461.25924198004
"540",Obelisco,11020.9588056704
"541",Obelisco,10786.8570859908
"542",Obelisco,10820.8155336976
"543",Obelisco,9886.57352399496
"544",Obelisco,10704.9011946867
"545",Obelisco,10039.6243942561
"546",Obelisco,10221.0961816393
"547",Obelisco,11180.7995408451
"548",Obelisco,10259.5803442259
"549",Obelisco,10934.7098906338
"550",Obelisco,10220.800074169
"551",Obelisco,9966.72403626771
"552",Obelisco,10048.7124036914
"553",Obelisco,11392.3189882745
"554",Obelisco,9946.43988457526
"555",Obelisco,9374.59749278348
"556",Obelisco,10910.8739368699
"557",Obelisco,10182.3603967087
"558",Obelisco,10711.1635843145
"559",Obelisco,9941.77966327315
"560",Obelisco,9941.80607450004
"561",Obelisco,13046.4260300315
"562",Obelisco,10773.9758364974
"563",Obelisco,9900.91127591785
"564",Obelisco,11347.1148206989
"565",Obelisco,9478.42858011229
"566",Obelisco,10775.2067875457
"567",Obelisco,9251.55807721908
"568",Obelisco,10837.9130606596
"569",Obelisco,9300.55380483168
"570",Obelisco,10271.8635037423
"571",Obelisco,9818.2575856287
"572",Obelisco,11373.7760905963
"573",Obelisco,9417.22196224886
"574",Obelisco,9404.2981035529
"575",Obelisco,9204.27445749141
"576",Obelisco,9783.20349503961
"577",Obelisco,10448.9253634657
"578",Obelisco,11293.2568477711
"579",Obelisco,11360.5329346161
"580",Obelisco,10287.1023934411
"581",Obelisco,9722.83793618624
"582",Obelisco,9998.10051369332
"583",Obelisco,9384.85955855432
"584",Obelisco,10726.7990182594
"585",Obelisco,11695.4750961234
"586",Obelisco,9742.91259479855
"587",Obelisco,9772.05488575174
"588",Obelisco,10144.5210052319
"589",Obelisco,9592.90068501727
"590",Obelisco,9717.82240921827
"591",Obelisco,9300.51061266898
"592",Obelisco,9134.11606868769
"593",Obelisco,9267.43686494987
"594",Obelisco,10144.6486754787
"595",Obelisco,9117.39025048535
"596",Obelisco,9464.21602499161
"597",Obelisco,11244.8861567721
"598",Obelisco,9891.79098249807
"599",Obelisco,10906.060947017
"600",Obelisco,9234.43403539068
"601",Obelisco,9230.44510944207
"602",Obelisco,9776.10518070677
"603",Obelisco,9047.34022802213
"604",Obelisco,11160.797172295
"605",Obelisco,9043.44281405316
"606",Obelisco,10562.2815432098
"607",Obelisco,9606.19598514145
"608",Obelisco,9982.74234600332
"609",Obelisco,9534.12598628851
"610",Obelisco,9610.31108693456
"611",Obelisco,9214.74668319972
"612",Obelisco,9199.75671732787
"613",Obelisco,9571.30587779241
"614",Obelisco,11338.9495713933
"615",Obelisco,10879.144154166
"616",Obelisco,9081.14794847279
"617",Obelisco,11150.2597988092
"618",Obelisco,9008.22721241198
"619",Obelisco,9399.2731567015
"620",Obelisco,9425.08342605536
"621",Obelisco,9692.90832685134
"622",Obelisco,9090.63260929188
"623",Obelisco,9562.97868075328
"624",Obelisco,10950.7212400975
"625",Obelisco,9101.14600945079
"626",Obelisco,11131.0528829597
"627",Obelisco,10405.207695764
"628",Obelisco,9777.91630406857
"629",Obelisco,10863.3805681048
"630",Obelisco,10411.2142065696
"631",Obelisco,10983.7479523056
"632",Obelisco,10972.9995568194
"633",Obelisco,9399.46249460244
"634",Obelisco,9735.82445206926
"635",Obelisco,10967.2105774909
"636",Obelisco,9528.62105491656
"637",Obelisco,9950.08568289172
"638",Obelisco,9007.3885837553
"639",Obelisco,9085.96408685804
"640",Obelisco,9414.92074991373
"641",Obelisco,9551.18536424073
"642",Obelisco,8920.24410622492
"643",Obelisco,9679.56655613137
"644",Obelisco,9038.65927791076
"645",Obelisco,12159.0209891379
"646",Obelisco,9409.85152215419
"647",Obelisco,11126.8324805696
"648",Obelisco,12257.1380344144
"649",Obelisco,8880.59485648527
"650",Obelisco,11078.6980471117
"651",Obelisco,8993.17637890976
"652",Obelisco,9035.16304094916
"653",Obelisco,9483.86850084825
"654",Obelisco,8869.21423996907
"655",Obelisco,11131.0038988646
"656",Obelisco,8996.86557860003
"657",Obelisco,11209.4764125944
"658",Obelisco,8859.6339245183
"659",Obelisco,11107.0991965008
"660",Obelisco,9887.57792132537
"661",Obelisco,8989.70857362833
"662",Obelisco,8986.34084062172
"663",Obelisco,9726.30962772106
"664",Obelisco,8961.08709166533
"665",Obelisco,8966.81310235296
"666",Obelisco,9950.02098133106
"667",Obelisco,10407.4431956102
"668",Obelisco,10732.4519106052
"669",Obelisco,8769.44150656599
"670",Obelisco,9627.1469265888
"671",Obelisco,9627.25169277208
"672",Obelisco,9400.9309564979
"673",Obelisco,9554.95296577233
"674",Obelisco,8838.96019138187
"675",Obelisco,10510.5470971783
"676",Obelisco,8975.5908347622
"677",Obelisco,11199.4765914933
"678",Obelisco,8838.52602297776
"679",Obelisco,11226.5906085982
"680",Obelisco,9459.00979475353
"681",Obelisco,10338.1604494243
"682",Obelisco,10578.3806838741
"683",Obelisco,11185.4868878184
"684",Obelisco,11215.3147719467
"685",Obelisco,10413.7968828939
"686",Obelisco,10267.6167103903
"687",Obelisco,9561.77964112608
"688",Obelisco,8732.9638060105
"689",Obelisco,11147.2548566852
"690",Obelisco,9100.07113121599
"691",Obelisco,8683.7237685105
"692",Obelisco,9514.78644208121
"693",Obelisco,9512.67630545808
"694",Obelisco,8673.10650783666
"695",Obelisco,9506.34456256469
"696",Obelisco,9300.28834690711
"697",Obelisco,9300.27162540894
"698",Obelisco,8953.36680409241
"699",Obelisco,8750.80748516286
"700",Obelisco,10488.4289386132
"701",Obelisco,8839.95671657535
"702",Obelisco,8802.81830189654
"703",Obelisco,9646.61531509264
"704",Obelisco,9507.62493124735
"705",Obelisco,9694.74421594477
"706",Obelisco,9973.25540238351
"707",Obelisco,8796.63897315122
"708",Obelisco,9291.78197201389
"709",Obelisco,9173.83808513989
"710",Obelisco,9103.71930918049
"711",Obelisco,10697.6721807284
"712",Obelisco,9324.9535637073
"713",Obelisco,10175.4749644286
"714",Obelisco,9348.98062738999
"715",Obelisco,9931.61315592208
"716",Obelisco,8593.5817397897
"717",Obelisco,9797.38452965056
"718",Obelisco,10159.4342012457
"719",Obelisco,10156.7332783555
"720",Obelisco,10964.8546254288
"721",Obelisco,8587.34741330634
"722",Obelisco,9319.27571215876
"723",Obelisco,9638.74364342777
"724",Obelisco,9066.45274259513
"725",Obelisco,8730.56158715278
"726",Obelisco,9532.16835995108
"727",Obelisco,8802.55995034665
"728",Obelisco,9045.8830809789
"729",Obelisco,9976.03928531612
"730",Obelisco,9236.27181139481
"731",Obelisco,8544.58987357437
"732",Obelisco,9082.24305250751
"733",Obelisco,9076.48162607291
"734",Obelisco,9595.8893541216
"735",Obelisco,9197.56434718559
"736",Obelisco,8861.74817509691
"737",Obelisco,10735.4351711207
"738",Obelisco,8659.9825464263
"739",Obelisco,8620.69466412787
"740",Obelisco,9316.43579327041
"741",Obelisco,8645.41590820283
"742",Obelisco,8744.07628822845
"743",Obelisco,9288.82077464466
"744",Obelisco,8921.26944183321
"745",Obelisco,8682.75108263178
"746",Obelisco,8636.88964826565
"747",Obelisco,8762.23687351923
"748",Obelisco,10108.6089089357
"749",Obelisco,10119.2479459225
"750",Obelisco,8730.21317484243
"751",Obelisco,11406.6623521419
"752",Obelisco,8578.08451046673
"753",Obelisco,9481.50795072704
"754",Obelisco,8555.83025276582
"755",Obelisco,8598.8703188885
"756",Obelisco,8436.87104338951
"757",Obelisco,9781.87563600283
"758",Obelisco,9798.94328214021
"759",Obelisco,9089.20395379723
"760",Obelisco,8638.96301898629
"761",Obelisco,8728.78584950524
"762",Obelisco,9221.8395522837
"763",Obelisco,10416.0490144316
"764",Obelisco,10411.0470713901
"765",Obelisco,8482.57282989608
"766",Obelisco,9231.11907807048
"767",Obelisco,9058.87076179979
"768",Obelisco,12115.2025426821
"769",Obelisco,8380.67022522218
"770",Obelisco,10423.90622766
"771",Obelisco,9054.55380665954
"772",Obelisco,9970.83190507215
"773",Obelisco,8829.02391035949
"774",Obelisco,10154.206638737
"775",Obelisco,10163.2662846077
"776",Obelisco,10397.1729914777
"777",Obelisco,9447.76537703461
"778",Obelisco,10397.2073145758
"779",Obelisco,8474.23082466745
"780",Obelisco,8803.73783069758
"781",Obelisco,10862.1222813522
"782",Obelisco,9452.35943769792
"783",Obelisco,9017.93456527073
"784",Obelisco,9091.85224823961
"785",Obelisco,8955.31574705118
"786",Obelisco,8998.45583523852
"787",Obelisco,8323.16795086591
"788",Obelisco,9647.34565145366
"789",Obelisco,9013.05284626057
"790",Obelisco,10293.5178133445
"791",Obelisco,8641.13898346132
"792",Obelisco,8668.02309469223
"793",Obelisco,9192.46927874227
"794",Obelisco,8553.76374779813
"795",Obelisco,8557.15277315952
"796",Obelisco,8618.49063061363
"797",Obelisco,8984.85923182885
"798",Obelisco,11705.4105089911
"799",Obelisco,10767.3932706941
"800",Obelisco,8534.6008375071
"801",Obelisco,9419.40389816285
"802",Obelisco,8944.40674702386
"803",Obelisco,8798.39147854054
"804",Obelisco,10208.9575630866
"805",Obelisco,10345.1586227667
"806",Obelisco,8779.02279562037
"807",Obelisco,8611.91997033999
"808",Obelisco,8286.26612207853
"809",Obelisco,9556.00945798683
"810",Obelisco,8297.52930746939
"811",Obelisco,10363.634797314
"812",Obelisco,12311.6518248557
"813",Obelisco,9532.2422158908
"814",Obelisco,9471.46946177359
"815",Obelisco,9484.96172980589
"816",Obelisco,9399.00751395137
"817",Obelisco,8213.28905597167
"818",Obelisco,8451.28173526674
"819",Obelisco,8602.31586973436
"820",Obelisco,8745.4995961393
"821",Obelisco,9996.84110030968
"822",Obelisco,8973.86518618349
"823",Obelisco,8367.54619274522
"824",Obelisco,9511.24262501165
"825",Obelisco,8381.68662091081
"826",Obelisco,8188.75656319532
"827",Obelisco,8178.77274226345
"828",Obelisco,8179.01937684914
"829",Obelisco,8178.59801514301
"830",Obelisco,9580.59488215186
"831",Obelisco,9300.35403660391
"832",Obelisco,9307.43483834893
"833",Obelisco,8357.57453739349
"834",Obelisco,8741.65717076991
"835",Obelisco,8502.11839568272
"836",Obelisco,8319.27805499985
"837",Obelisco,9367.50217218037
"838",Obelisco,8390.04140473323
"839",Obelisco,8354.49762422071
"840",Obelisco,9349.91519412394
"841",Obelisco,9270.30010601108
"842",Obelisco,8512.28505818298
"843",Obelisco,9203.36966650672
"844",Obelisco,10229.2707927776
"845",Obelisco,8812.40413167936
"846",Obelisco,8499.94709376317
"847",Obelisco,8344.13462400342
"848",Obelisco,8344.11220852103
"849",Obelisco,9479.79482958747
"850",Obelisco,10694.9246467403
"851",Obelisco,8307.60329084056
"852",Obelisco,8220.30677676561
"853",Obelisco,8636.22974193496
"854",Obelisco,8128.89616956281
"855",Obelisco,8778.10459850464
"856",Obelisco,8350.0744280821
"857",Obelisco,8053.79886612748
"858",Obelisco,8359.32575746438
"859",Obelisco,10031.5529363752
"860",Obelisco,8925.08875301058
"861",Obelisco,10926.6161004356
"862",Obelisco,9516.0757602021
"863",Obelisco,8856.66009655441
"864",Obelisco,8029.71485428794
"865",Obelisco,9140.77029045863
"866",Obelisco,9302.67471268974
"867",Obelisco,10256.7287025469
"868",Obelisco,8791.35673685269
"869",Obelisco,9044.49075501754
"870",Obelisco,8664.23804861948
"871",Obelisco,10273.8006827925
"872",Obelisco,8224.72629784222
"873",Obelisco,8508.49128997149
"874",Obelisco,9018.37420331273
"875",Obelisco,9543.48164140602
"876",Obelisco,9448.91647751555
"877",Obelisco,8753.85872038625
"878",Obelisco,9127.49629509442
"879",Obelisco,9224.23474013541
"880",Obelisco,8677.90159480518
"881",Obelisco,9479.37780457873
"882",Obelisco,9393.29024005098
"883",Obelisco,8128.51588801701
"884",Obelisco,9109.1095831382
"885",Obelisco,7959.74154162223
"886",Obelisco,8444.72274822498
"887",Obelisco,8615.99186477678
"888",Obelisco,8395.80861924638
"889",Obelisco,10131.5299566192
"890",Obelisco,8695.75177779913
"891",Obelisco,8421.02688098199
"892",Obelisco,8194.64518974103
"893",Obelisco,7921.00085813761
"894",Obelisco,8194.05545226336
"895",Obelisco,9025.93467834891
"896",Obelisco,9334.60697209365
"897",Obelisco,8200.04242741218
"898",Obelisco,7902.02810601171
"899",Obelisco,9362.13195889448
"900",Obelisco,9074.90798895918
"901",Obelisco,7960.89995885247
"902",Obelisco,8194.36273016882
"903",Obelisco,10464.4649045491
"904",Obelisco,8359.62957995609
"905",Obelisco,7884.17139521999
"906",Obelisco,7982.88503632323
"907",Obelisco,8803.54725130852
"908",Obelisco,8858.57879035939
"909",Obelisco,8740.17861688861
"910",Obelisco,8347.37624933763
"911",Obelisco,9821.62235594015
"912",Obelisco,8124.07413834059
"913",Obelisco,8150.55470880355
"914",Obelisco,9591.19677888491
"915",Obelisco,9950.07414462796
"916",Obelisco,8013.84683735042
"917",Obelisco,9951.42719034836
"918",Obelisco,8872.89917739666
"919",Obelisco,8304.1433740651
"920",Obelisco,9197.20075610857
"921",Obelisco,7806.81887674015
"922",Obelisco,9242.34429533377
"923",Obelisco,9116.04776569322
"924",Obelisco,7800.5982436634
"925",Obelisco,9824.55840003419
"926",Obelisco,9319.91682875242
"927",Obelisco,9304.34024524884
"928",Obelisco,8276.83651423939
"929",Obelisco,8102.06926217386
"930",Obelisco,8011.7744143974
"931",Obelisco,9392.23742416904
"932",Obelisco,9841.49340171329
"933",Obelisco,8534.52763239604
"934",Obelisco,10160.0332716486
"935",Obelisco,8176.84169625202
"936",Obelisco,9757.76703628702
"937",Obelisco,9172.98053871648
"938",Obelisco,9374.28514977528
"939",Obelisco,8372.31343245366
"940",Obelisco,8185.30312939985
"941",Obelisco,9913.18870035708
"942",Obelisco,7730.12552111246
"943",Obelisco,8812.85274816175
"944",Obelisco,10346.8643872484
"945",Obelisco,8100.10853057822
"946",Obelisco,7896.06330307747
"947",Obelisco,8222.32364165475
"948",Obelisco,9114.40246865327
"949",Obelisco,7979.64484983552
"950",Obelisco,8983.9282000148
"951",Obelisco,7982.40347047879
"952",Obelisco,9382.27515472
"953",Obelisco,9530.93862055991
"954",Obelisco,7978.24621814673
"955",Obelisco,7686.30896995159
"956",Obelisco,9051.31402178758
"957",Obelisco,9084.90049697997
"958",Obelisco,8157.62735138775
"959",Obelisco,9130.95204194103
"960",Obelisco,9129.60320427586
"961",Obelisco,8855.46204379983
"962",Obelisco,7778.13981305167
"963",Obelisco,8361.33032639557
"964",Obelisco,8361.27342997821
"965",Obelisco,9049.37503839699
"966",Obelisco,9049.78828177146
"967",Obelisco,7967.43399234599
"968",Obelisco,9089.36823029584
"969",Obelisco,9044.52868730764
"970",Obelisco,9809.48098543588
"971",Obelisco,8233.6097183127
"972",Obelisco,7945.66453685706
"973",Obelisco,8035.25532308081
"974",Obelisco,8260.83263060808
"975",Obelisco,7731.17805929283
"976",Obelisco,7907.12452466938
"977",Obelisco,8035.10882545491
"978",Obelisco,7858.35413829344
"979",Obelisco,7671.2581751058
"980",Obelisco,7616.48983655663
"981",Obelisco,8548.75139937881
"982",Obelisco,8493.7646071322
"983",Obelisco,7782.22900361132
"984",Obelisco,10330.1123036379
"985",Obelisco,7822.10520451981
"986",Obelisco,7594.39221599607
"987",Obelisco,10325.8878573817
"988",Obelisco,9451.37500566275
"989",Obelisco,9451.26464120859
"990",Obelisco,9241.8287377935
"991",Obelisco,8048.01554758933
"992",Obelisco,7567.36257756867
"993",Obelisco,7547.82230089425
"994",Obelisco,7767.53468023542
"995",Obelisco,7762.09840640101
"996",Obelisco,7840.48659287381
"997",Obelisco,7844.00853459358
"998",Obelisco,8275.61466736718
"999",Obelisco,8018.08140393819
"1000",Obelisco,7938.70584220303
"1001",Obelisco,7741.42217486079
"1002",Obelisco,7741.48007720302
"1003",Obelisco,9346.70599074192
"1004",Obelisco,7774.52050239128
"1005",Obelisco,8133.65322230605
"1006",Obelisco,9306.1716710612
"1007",Obelisco,8318.82639783826
"1008",Obelisco,7604.03697983792
"1009",Obelisco,8176.43984505777
"1010",Obelisco,7745.50344373521
"1011",Obelisco,8939.70932981343
"1012",Obelisco,8410.64413433565
"1013",Obelisco,8189.20097356442
"1014",Obelisco,9094.07670192633
"1015",Obelisco,7408.28263184943
"1016",Obelisco,8012.12578239201
"1017",Obelisco,9233.29825715816
"1018",Obelisco,8013.81163452578
"1019",Obelisco,7717.18364585469
"1020",Obelisco,7492.72936829947
"1021",Obelisco,7823.3379774383
"1022",Obelisco,8288.28134428649
"1023",Obelisco,7964.4270061709
"1024",Obelisco,8752.11518923445
"1025",Obelisco,9597.24469597452
"1026",Obelisco,7362.36228420948
"1027",Obelisco,7361.13853112082
"1028",Obelisco,7721.13775809468
"1029",Obelisco,7704.43318191588
"1030",Obelisco,8654.82998101066
"1031",Obelisco,8010.96118997024
"1032",Obelisco,9897.72555326042
"1033",Obelisco,9642.9252668642
"1034",Obelisco,7351.54466667537
"1035",Obelisco,7393.72563953635
"1036",Obelisco,9747.42345130736
"1037",Obelisco,7332.03059956363
"1038",Obelisco,7454.69825422656
"1039",Obelisco,7316.36203170487
"1040",Obelisco,7776.41956283503
"1041",Obelisco,8739.00558588058
"1042",Obelisco,9284.0690325459
"1043",Obelisco,7414.78970805362
"1044",Obelisco,9587.33598608538
"1045",Obelisco,8034.97294095749
"1046",Obelisco,7615.35960870448
"1047",Obelisco,7845.40794397382
"1048",Obelisco,7564.41307407292
"1049",Obelisco,7487.84948513098
"1050",Obelisco,7522.96162688995
"1051",Obelisco,7428.31144766998
"1052",Obelisco,7521.75116652491
"1053",Obelisco,7293.47484544506
"1054",Obelisco,7423.89511235795
"1055",Obelisco,8865.99789999427
"1056",Obelisco,8537.62609365713
"1057",Obelisco,7549.029165147
"1058",Obelisco,9562.67209942926
"1059",Obelisco,8221.26907976277
"1060",Obelisco,8178.01145042198
"1061",Obelisco,7639.8266842512
"1062",Obelisco,7282.12356104485
"1063",Obelisco,7904.15265328832
"1064",Obelisco,7671.47758892338
"1065",Obelisco,7227.37281216313
"1066",Obelisco,7227.0902583997
"1067",Obelisco,9871.13339705234
"1068",Obelisco,8129.78687254744
"1069",Obelisco,7204.49048037442
"1070",Obelisco,9317.8887819266
"1071",Obelisco,7657.23569088428
"1072",Obelisco,8849.24925606338
"1073",Obelisco,9538.10624004968
"1074",Obelisco,7347.67779667455
"1075",Obelisco,9371.75042529386
"1076",Obelisco,8531.2553113144
"1077",Obelisco,8315.33761180707
"1078",Obelisco,9025.8659372947
"1079",Obelisco,7602.13220869047
"1080",Obelisco,7487.00887918672
"1081",Obelisco,8753.29741620854
"1082",Obelisco,8665.71304796574
"1083",Obelisco,7228.81735343139
"1084",Obelisco,7224.00569905352
"1085",Obelisco,8005.52416345341
"1086",Obelisco,8848.00593924256
"1087",Obelisco,9571.06115518187
"1088",Obelisco,7434.64036214612
"1089",Obelisco,7977.18980683467
"1090",Obelisco,8201.98600665955
"1091",Obelisco,7676.87218199074
"1092",Obelisco,7089.77906622741
"1093",Obelisco,7720.3023165989
"1094",Obelisco,7578.23283061354
"1095",Obelisco,7501.95618527527
"1096",Obelisco,8274.08068169335
"1097",Obelisco,7055.61720439997
"1098",Obelisco,7691.69246744168
"1099",Obelisco,7039.14281905856
"1100",Obelisco,7015.70269327636
"1101",Obelisco,8975.24917777873
"1102",Obelisco,8897.91949558005
"1103",Obelisco,8897.93196618097
"1104",Obelisco,7985.50116064729
"1105",Obelisco,7588.01210847232
"1106",Obelisco,7442.96226434526
"1107",Obelisco,9016.05418714701
"1108",Obelisco,7022.59298248337
"1109",Obelisco,8240.25332415173
"1110",Obelisco,7577.8354000023
"1111",Obelisco,9054.10077626955
"1112",Obelisco,9083.69372350196
"1113",Obelisco,6960.47239201882
"1114",Obelisco,7808.63041454068
"1115",Obelisco,7347.59214752953
"1116",Obelisco,6934.76417047047
"1117",Obelisco,7452.52978564203
"1118",Obelisco,9052.98793497834
"1119",Obelisco,9124.50770201421
"1120",Obelisco,7306.25745850395
"1121",Obelisco,8108.27658751685
"1122",Obelisco,7306.25928076492
"1123",Obelisco,6999.63535991321
"1124",Obelisco,7706.54489999454
"1125",Obelisco,8284.2145669676
"1126",Obelisco,7787.66811567295
"1127",Obelisco,7908.14858087262
"1128",Obelisco,8285.43327664811
"1129",Obelisco,7654.39276480331
"1130",Obelisco,6872.33204983435
"1131",Obelisco,6878.1194177581
"1132",Obelisco,8015.39540818949
"1133",Obelisco,6860.52561691091
"1134",Obelisco,6860.51752755127
"1135",Obelisco,6830.09586190948
"1136",Obelisco,6823.87320568873
"1137",Obelisco,8448.97920516842
"1138",Obelisco,7167.15752004649
"1139",Obelisco,8047.62010755055
"1140",Obelisco,8382.40031116431
"1141",Obelisco,6799.02690414054
"1142",Obelisco,8434.35313820735
"1143",Obelisco,7222.84387781626
"1144",Obelisco,7087.37446501805
"1145",Obelisco,7333.45338997176
"1146",Obelisco,7332.00325653581
"1147",Obelisco,6852.23313935854
"1148",Obelisco,6746.69502343145
"1149",Obelisco,6744.01296517183
"1150",Obelisco,9068.9372932071
"1151",Obelisco,7355.49221086547
"1152",Obelisco,7190.07166414703
"1153",Obelisco,8037.77870397296
"1154",Obelisco,7187.4844201011
"1155",Obelisco,6728.93636947905
"1156",Obelisco,7815.05288072983
"1157",Obelisco,8423.6590220583
"1158",Obelisco,6721.91900884563
"1159",Obelisco,7344.34873539235
"1160",Obelisco,7103.30305637663
"1161",Obelisco,7566.80357513368
"1162",Obelisco,6960.82960822953
"1163",Obelisco,6677.3853099533
"1164",Obelisco,6934.75229668199
"1165",Obelisco,6736.31319274169
"1166",Obelisco,6908.92417944574
"1167",Obelisco,6937.38738799378
"1168",Obelisco,6649.87582951166
"1169",Obelisco,6898.2876051127
"1170",Obelisco,8167.94446077536
"1171",Obelisco,6964.29689887047
"1172",Obelisco,8760.95340749241
"1173",Obelisco,6730.10353469208
"1174",Obelisco,8396.32136015914
"1175",Obelisco,7112.29320974401
"1176",Obelisco,6591.47222997026
"1177",Obelisco,7196.60387686483
"1178",Obelisco,7374.72653474693
"1179",Obelisco,6821.62020240297
"1180",Obelisco,7399.43561504181
"1181",Obelisco,8838.785839839
"1182",Obelisco,6566.6931638174
"1183",Obelisco,8139.55236611117
"1184",Obelisco,7465.60934375781
"1185",Obelisco,7465.51315472524
"1186",Obelisco,8727.26116888717
"1187",Obelisco,7656.23331047369
"1188",Obelisco,8624.38008650921
"1189",Obelisco,6958.43098249674
"1190",Obelisco,8334.94745427765
"1191",Obelisco,8233.30089726674
"1192",Obelisco,6577.9230597715
"1193",Obelisco,7962.42856055481
"1194",Obelisco,6529.27369053244
"1195",Obelisco,6514.82020838396
"1196",Obelisco,7131.27215979608
"1197",Obelisco,8236.84183380503
"1198",Obelisco,8235.37691700298
"1199",Obelisco,6941.43469515086
"1200",Obelisco,6491.30747430485
"1201",Obelisco,6491.19933032979
"1202",Obelisco,6487.72189395243
"1203",Obelisco,6665.26786731766
"1204",Obelisco,6823.91521965864
"1205",Obelisco,6524.52801338858
"1206",Obelisco,6514.16273079939
"1207",Obelisco,6522.56769519261
"1208",Obelisco,7541.65703676536
"1209",Obelisco,6527.39774216942
"1210",Obelisco,6598.87127131848
"1211",Obelisco,6467.98436130005
"1212",Obelisco,6801.8857244601
"1213",Obelisco,6449.87606921362
"1214",Obelisco,6871.73693651575
"1215",Obelisco,6799.50742970112
"1216",Obelisco,6452.58952759284
"1217",Obelisco,8845.73538851002
"1218",Obelisco,7296.88987612645
"1219",Obelisco,6800.66879130273
"1220",Obelisco,6768.12872410341
"1221",Obelisco,7070.41171200283
"1222",Obelisco,7072.41270459151
"1223",Obelisco,6487.48297608287
"1224",Obelisco,6652.60822459947
"1225",Obelisco,6418.81979507686
"1226",Obelisco,8776.55935729422
"1227",Obelisco,8557.55661321361
"1228",Obelisco,6941.34031078372
"1229",Obelisco,6362.6337468475
"1230",Obelisco,6360.65463419758
"1231",Obelisco,8549.25780817853
"1232",Obelisco,8484.2696491548
"1233",Obelisco,6413.52026683974
"1234",Obelisco,8540.54917438052
"1235",Obelisco,6421.60702632626
"1236",Obelisco,6404.00646661237
"1237",Obelisco,6377.43633098731
"1238",Obelisco,6373.5649248468
"1239",Obelisco,6365.76593303903
"1240",Obelisco,6385.36115056079
"1241",Obelisco,6352.27065124548
"1242",Obelisco,6328.41469112293
"1243",Obelisco,6360.02535973491
"1244",Obelisco,6307.54957552535
"1245",Obelisco,6334.07861842677
"1246",Obelisco,6316.78450044815
"1247",Obelisco,6329.16473766318
"1248",Obelisco,7760.03829307411
"1249",Obelisco,6422.5176940151
"1250",Obelisco,6892.67817560583
"1251",Obelisco,6611.19183252691
"1252",Obelisco,6288.11276909848
"1253",Obelisco,6675.40446076226
"1254",Obelisco,6557.23346312648
"1255",Obelisco,6980.6581281404
"1256",Obelisco,6238.00550866024
"1257",Obelisco,6698.64668158313
"1258",Obelisco,6772.91994247531
"1259",Obelisco,8210.58255898341
"1260",Obelisco,6697.68651076834
"1261",Obelisco,6876.2752654748
"1262",Obelisco,7335.66751280689
"1263",Obelisco,7194.94392959004
"1264",Obelisco,6241.16077792968
"1265",Obelisco,6311.81393749519
"1266",Obelisco,6238.0099819335
"1267",Obelisco,6213.98804682057
"1268",Obelisco,6250.10528518074
"1269",Obelisco,7536.83121012725
"1270",Obelisco,6287.96514313899
"1271",Obelisco,8218.65475385503
"1272",Obelisco,6676.43287780438
"1273",Obelisco,6957.22126493201
"1274",Obelisco,6674.13564241073
"1275",Obelisco,6507.7129787529
"1276",Obelisco,6446.4450539711
"1277",Obelisco,7374.15073729663
"1278",Obelisco,6191.47735610883
"1279",Obelisco,6190.59621406195
"1280",Obelisco,6181.447162635
"1281",Obelisco,6492.86491071165
"1282",Obelisco,8289.83662174898
"1283",Obelisco,6528.98122476511
"1284",Obelisco,6788.53161149931
"1285",Obelisco,7146.33858006389
"1286",Obelisco,6742.72804857361
"1287",Obelisco,6355.74297568714
"1288",Obelisco,6117.00656773255
"1289",Obelisco,6398.84523820018
"1290",Obelisco,6127.23885159031
"1291",Obelisco,7094.79421571066
"1292",Obelisco,6163.11224773293
"1293",Obelisco,7368.86486940761
"1294",Obelisco,6940.22813100519
"1295",Obelisco,6075.14150899542
"1296",Obelisco,6809.49398737466
"1297",Obelisco,7247.61307309989
"1298",Obelisco,7255.53725949921
"1299",Obelisco,6085.5463480617
"1300",Obelisco,6080.6358729095
"1301",Obelisco,6097.10993639426
"1302",Obelisco,7074.70030157159
"1303",Obelisco,6736.45617118817
"1304",Obelisco,7237.53222694411
"1305",Obelisco,8088.55673377732
"1306",Obelisco,6871.75828939619
"1307",Obelisco,6896.54239442325
"1308",Obelisco,6091.38780886669
"1309",Obelisco,7201.37191727723
"1310",Obelisco,6667.32496115192
"1311",Obelisco,8186.87884461574
"1312",Obelisco,6144.73369982076
"1313",Obelisco,6045.96886066877
"1314",Obelisco,6007.14753939546
"1315",Obelisco,6762.039128514
"1316",Obelisco,8184.7464470263
"1317",Obelisco,6836.40508569056
"1318",Obelisco,5987.21047301263
"1319",Obelisco,6688.00349300615
"1320",Obelisco,6190.33221103192
"1321",Obelisco,6180.23857289301
"1322",Obelisco,5988.76098176699
"1323",Obelisco,6163.32720867158
"1324",Obelisco,6230.28372516888
"1325",Obelisco,6079.31634852619
"1326",Obelisco,5956.68671393909
"1327",Obelisco,6334.22215252775
"1328",Obelisco,5965.41565086249
"1329",Obelisco,5973.90138235941
"1330",Obelisco,5932.15595746101
"1331",Obelisco,6054.65423651511
"1332",Obelisco,5926.70712346505
"1333",Obelisco,5938.67333904815
"1334",Obelisco,6030.26104471796
"1335",Obelisco,6012.77821409315
"1336",Obelisco,6204.30754438173
"1337",Obelisco,5939.55688918149
"1338",Obelisco,6002.17380866995
"1339",Obelisco,6075.44012103844
"1340",Obelisco,6783.68018413797
"1341",Obelisco,7801.18450305978
"1342",Obelisco,6010.61965594469
"1343",Obelisco,7173.5991588815
"1344",Obelisco,5957.6794680964
"1345",Obelisco,7821.56062375879
"1346",Obelisco,5972.59008388337
"1347",Obelisco,6632.95538585654
"1348",Obelisco,7809.55937001977
"1349",Obelisco,7106.42718500969
"1350",Obelisco,5848.51755825077
"1351",Obelisco,6029.55527930144
"1352",Obelisco,6257.66790845959
"1353",Obelisco,6115.77255921625
"1354",Obelisco,6202.57199664317
"1355",Obelisco,7927.32014970993
"1356",Obelisco,5983.95308958168
"1357",Obelisco,5830.01512213729
"1358",Obelisco,5853.98907375519
"1359",Obelisco,5933.29703635278
"1360",Obelisco,5911.0810450609
"1361",Obelisco,5969.03549548961
"1362",Obelisco,5811.25061173002
"1363",Obelisco,5789.68188151251
"1364",Obelisco,5836.65039877519
"1365",Obelisco,5868.63281394568
"1366",Obelisco,5970.53443838626
"1367",Obelisco,5818.22228410794
"1368",Obelisco,6049.63351362947
"1369",Obelisco,6386.28285337454
"1370",Obelisco,5848.19464635933
"1371",Obelisco,5905.350673443
"1372",Obelisco,5834.85115744849
"1373",Obelisco,6057.62351151944
"1374",Obelisco,8423.77786574459
"1375",Obelisco,5774.87263847485
"1376",Obelisco,6141.0856871267
"1377",Obelisco,6135.07970484965
"1378",Obelisco,5737.59130593158
"1379",Obelisco,5978.01429662767
"1380",Obelisco,5991.81818733508
"1381",Obelisco,5825.39402226862
"1382",Obelisco,7506.4860806796
"1383",Obelisco,5971.75885902022
"1384",Obelisco,5843.75117091678
"1385",Obelisco,6606.21162200962
"1386",Obelisco,5827.19946922221
"1387",Obelisco,6605.65278520035
"1388",Obelisco,5932.13024771002
"1389",Obelisco,5675.81421246473
"1390",Obelisco,6017.31118631261
"1391",Obelisco,7705.42536094919
"1392",Obelisco,7401.9949820419
"1393",Obelisco,5630.64826356372
"1394",Obelisco,5940.97631270052
"1395",Obelisco,5656.89669928308
"1396",Obelisco,5981.85097679466
"1397",Obelisco,5878.13576016822
"1398",Obelisco,5627.01955287197
"1399",Obelisco,5741.89417356879
"1400",Obelisco,6921.26231889632
"1401",Obelisco,5602.95899382164
"1402",Obelisco,6479.33311100591
"1403",Obelisco,5701.7740573306
"1404",Obelisco,6028.00669734901
"1405",Obelisco,5680.81884845817
"1406",Obelisco,6427.62331248198
"1407",Obelisco,5699.58545699085
"1408",Obelisco,5627.95102903857
"1409",Obelisco,5577.33506288275
"1410",Obelisco,5539.58862253459
"1411",Obelisco,7639.01438886045
"1412",Obelisco,5865.52981717687
"1413",Obelisco,5808.77304252734
"1414",Obelisco,5579.30238197863
"1415",Obelisco,6361.4395497804
"1416",Obelisco,5854.95905628989
"1417",Obelisco,5504.66138154608
"1418",Obelisco,5493.1454372778
"1419",Obelisco,5534.00035678017
"1420",Obelisco,6259.57999768978
"1421",Obelisco,6787.41408108879
"1422",Obelisco,5455.69329882275
"1423",Obelisco,5583.51654052958
"1424",Obelisco,6231.56736534597
"1425",Obelisco,5672.88717430305
"1426",Obelisco,5463.05220894299
"1427",Obelisco,5793.62892547695
"1428",Obelisco,5828.83985365711
"1429",Obelisco,6209.27570790077
"1430",Obelisco,6207.92093421063
"1431",Obelisco,5493.98550944006
"1432",Obelisco,6983.1176043816
"1433",Obelisco,6201.55235016865
"1434",Obelisco,5585.15560933162
"1435",Obelisco,5585.04822022879
"1436",Obelisco,5406.40826986888
"1437",Obelisco,5635.04598569424
"1438",Obelisco,5520.97918195807
"1439",Obelisco,5380.4153855797
"1440",Obelisco,5490.9965731906
"1441",Obelisco,5883.00765096894
"1442",Obelisco,5425.79487438541
"1443",Obelisco,6523.0209041391
"1444",Obelisco,6006.14486698383
"1445",Obelisco,5401.16395979921
"1446",Obelisco,5369.47939722217
"1447",Obelisco,5431.45559811542
"1448",Obelisco,5368.56292410913
"1449",Obelisco,5359.77130337197
"1450",Obelisco,6028.56765592151
"1451",Obelisco,6969.21233989445
"1452",Obelisco,5506.02795155243
"1453",Obelisco,5661.69084817134
"1454",Obelisco,5381.27942085702
"1455",Obelisco,5914.91062256453
"1456",Obelisco,5375.64494662108
"1457",Obelisco,5335.32904981563
"1458",Obelisco,5910.18357301714
"1459",Obelisco,5368.4653838119
"1460",Obelisco,5580.34228333927
"1461",Obelisco,5366.75058530928
"1462",Obelisco,6185.58750566008
"1463",Obelisco,5576.30729767845
"1464",Obelisco,5722.67722823711
"1465",Obelisco,6133.79758731808
"1466",Obelisco,5606.99630393437
"1467",Obelisco,5547.86276015647
"1468",Obelisco,5487.63899725208
"1469",Obelisco,5283.12946663013
"1470",Obelisco,5456.9846950588
"1471",Obelisco,5609.52862652914
"1472",Obelisco,6021.21178286898
"1473",Obelisco,5540.75436272592
"1474",Obelisco,5445.30004769108
"1475",Obelisco,5537.43490804471
"1476",Obelisco,6632.87780712113
"1477",Obelisco,5578.42746908444
"1478",Obelisco,5578.29536255046
"1479",Obelisco,5456.07125219174
"1480",Obelisco,5647.07897330406
"1481",Obelisco,5252.10308503633
"1482",Obelisco,5329.73696442379
"1483",Obelisco,5416.23097160313
"1484",Obelisco,6959.09744910909
"1485",Obelisco,5203.80630235181
"1486",Obelisco,6664.26509053335
"1487",Obelisco,5444.86235688175
"1488",Obelisco,5330.29515659438
"1489",Obelisco,5982.4527718117
"1490",Obelisco,5296.51946876745
"1491",Obelisco,5410.02132452367
"1492",Obelisco,8298.38161204509
"1493",Obelisco,5181.54864513467
"1494",Obelisco,5162.96141332893
"1495",Obelisco,6064.25094559883
"1496",Obelisco,5445.35514652386
"1497",Obelisco,5456.4524751852
"1498",Obelisco,5196.21744860359
"1499",Obelisco,5090.56779339803
"1500",Obelisco,5947.68907903737
"1501",Obelisco,5085.79959066983
"1502",Obelisco,5082.91853468363
"1503",Obelisco,5074.20554544615
"1504",Obelisco,5072.91446707686
"1505",Obelisco,5067.67655884966
"1506",Obelisco,5144.77469577841
"1507",Obelisco,5723.81768534429
"1508",Obelisco,5314.55782838986
"1509",Obelisco,5287.39084622506
"1510",Obelisco,5614.44120549835
"1511",Obelisco,5950.80517371144
"1512",Obelisco,5617.74750171447
"1513",Obelisco,5163.31326849139
"1514",Obelisco,5042.87919843019
"1515",Obelisco,5216.27695193994
"1516",Obelisco,5529.96697249193
"1517",Obelisco,5074.3767913872
"1518",Obelisco,5879.53787154324
"1519",Obelisco,5652.08670565783
"1520",Obelisco,5604.17392741754
"1521",Obelisco,6451.77152822221
"1522",Obelisco,4978.0121811879
"1523",Obelisco,5681.62566346679
"1524",Obelisco,4983.87070524493
"1525",Obelisco,5158.90735338128
"1526",Obelisco,5440.29467756226
"1527",Obelisco,5159.46001595203
"1528",Obelisco,5185.35096170221
"1529",Obelisco,5156.68614431668
"1530",Obelisco,6073.49937075247
"1531",Obelisco,5127.23920684605
"1532",Obelisco,5100.7690196035
"1533",Obelisco,6052.68230194306
"1534",Obelisco,5400.98059916065
"1535",Obelisco,4974.73676004565
"1536",Obelisco,4909.38445770585
"1537",Obelisco,5061.55225672533
"1538",Obelisco,5751.98100245591
"1539",Obelisco,4991.19249581789
"1540",Obelisco,4909.37007897628
"1541",Obelisco,6069.26566883956
"1542",Obelisco,5176.29271847066
"1543",Obelisco,5066.04805694863
"1544",Obelisco,4916.34184165567
"1545",Obelisco,5581.96116545325
"1546",Obelisco,4902.51243360223
"1547",Obelisco,4898.36640512926
"1548",Obelisco,5051.87228699704
"1549",Obelisco,5055.44553495013
"1550",Obelisco,4851.23486363208
"1551",Obelisco,5168.9927048679
"1552",Obelisco,4883.20925665688
"1553",Obelisco,4869.10944078852
"1554",Obelisco,5168.08631166192
"1555",Obelisco,5689.48693674576
"1556",Obelisco,5947.18590847319
"1557",Obelisco,4824.92835900619
"1558",Obelisco,5660.29446037191
"1559",Obelisco,5078.35779818613
"1560",Obelisco,4991.86507481157
"1561",Obelisco,5521.0964628801
"1562",Obelisco,5108.43343974047
"1563",Obelisco,5103.85827855086
"1564",Obelisco,5570.54528692252
"1565",Obelisco,5051.47002618024
"1566",Obelisco,5347.45003331353
"1567",Obelisco,4791.7176611971
"1568",Obelisco,5017.47442875291
"1569",Obelisco,4788.583303404
"1570",Obelisco,4793.30166056216
"1571",Obelisco,5511.40149302368
"1572",Obelisco,4788.78803272679
"1573",Obelisco,4762.69594181655
"1574",Obelisco,6707.65456824505
"1575",Obelisco,5341.25643534183
"1576",Obelisco,4790.27556176442
"1577",Obelisco,4754.59964098689
"1578",Obelisco,4823.36722937664
"1579",Obelisco,4717.08926024581
"1580",Obelisco,5820.86849306792
"1581",Obelisco,6020.75988769863
"1582",Obelisco,4808.23924881929
"1583",Obelisco,5775.504436322
"1584",Obelisco,4708.87029728203
"1585",Obelisco,5253.75299459416
"1586",Obelisco,5325.1492855132
"1587",Obelisco,4702.84010805661
"1588",Obelisco,5305.68136537734
"1589",Obelisco,4946.97782915373
"1590",Obelisco,5166.39021605607
"1591",Obelisco,4723.0949865327
"1592",Obelisco,5331.37350655366
"1593",Obelisco,4713.39895916114
"1594",Obelisco,6058.89311721575
"1595",Obelisco,6059.98961451688
"1596",Obelisco,5719.06606228031
"1597",Obelisco,4975.77100846856
"1598",Obelisco,8310.17260306806
"1599",Obelisco,5035.84377301413
"1600",Obelisco,4808.82655570373
"1601",Obelisco,5719.19698701023
"1602",Obelisco,4728.81857898122
"1603",Obelisco,4670.6473169929
"1604",Obelisco,4697.63179041714
"1605",Obelisco,5830.30566802767
"1606",Obelisco,5850.66094534345
"1607",Obelisco,4795.4259707454
"1608",Obelisco,4693.97712722357
"1609",Obelisco,5871.40169092446
"1610",Obelisco,4827.18021012424
"1611",Obelisco,4659.36772616946
"1612",Obelisco,5845.03086033661
"1613",Obelisco,5391.79788024438
"1614",Obelisco,5176.66891516161
"1615",Obelisco,4669.91313366697
"1616",Obelisco,4658.10728725954
"1617",Obelisco,4712.62453396619
"1618",Obelisco,5646.9371094616
"1619",Obelisco,4621.89096910353
"1620",Obelisco,5162.92473422134
"1621",Obelisco,5884.61134993794
"1622",Obelisco,4576.10317562216
"1623",Obelisco,4626.68025515008
"1624",Obelisco,4574.56088238509
"1625",Obelisco,4571.23165568358
"1626",Obelisco,6317.41552654855
"1627",Obelisco,4687.27820992544
"1628",Obelisco,4575.33428738985
"1629",Obelisco,4705.49432422853
"1630",Obelisco,4586.23426840565
"1631",Obelisco,4585.74549804513
"1632",Obelisco,5875.9672234298
"1633",Obelisco,4775.40387413245
"1634",Obelisco,4542.51725515755
"1635",Obelisco,4693.79914585144
"1636",Obelisco,4573.22511580376
"1637",Obelisco,4547.57880496146
"1638",Obelisco,4602.77153469725
"1639",Obelisco,4567.03147989214
"1640",Obelisco,5689.40948034157
"1641",Obelisco,4538.57405201876
"1642",Obelisco,4585.02695840132
"1643",Obelisco,4829.22555070383
"1644",Obelisco,4546.55098041415
"1645",Obelisco,4641.01624531595
"1646",Obelisco,4541.87858745573
"1647",Obelisco,4463.8768885987
"1648",Obelisco,4525.29213478429
"1649",Obelisco,4627.58475837965
"1650",Obelisco,5239.53660304112
"1651",Obelisco,4520.97694524619
"1652",Obelisco,4563.01766441795
"1653",Obelisco,5833.14791224832
"1654",Obelisco,5148.68289115159
"1655",Obelisco,4493.66662214809
"1656",Obelisco,5594.46013814716
"1657",Obelisco,4462.63911641222
"1658",Obelisco,5469.24685018295
"1659",Obelisco,5165.04318345601
"1660",Obelisco,4573.58308041589
"1661",Obelisco,5225.83748552731
"1662",Obelisco,4513.6456220092
"1663",Obelisco,5209.45800984803
"1664",Obelisco,7541.30016227286
"1665",Obelisco,4835.88187884705
"1666",Obelisco,5174.46150264714
"1667",Obelisco,5127.55296491696
"1668",Obelisco,5207.59182175799
"1669",Obelisco,4787.49365015737
"1670",Obelisco,5391.85967999216
"1671",Obelisco,4430.37175968382
"1672",Obelisco,5396.22689327239
"1673",Obelisco,5396.21945369258
"1674",Obelisco,5176.96756525608
"1675",Obelisco,6312.21850341288
"1676",Obelisco,5355.68713648495
"1677",Obelisco,5355.65084262464
"1678",Obelisco,4431.28688763675
"1679",Obelisco,4569.31898041612
"1680",Obelisco,5042.45875510788
"1681",Obelisco,4397.67512910023
"1682",Obelisco,4312.53390831077
"1683",Obelisco,4386.9180037488
"1684",Obelisco,4356.62238187512
"1685",Obelisco,5174.67316253946
"1686",Obelisco,5401.48110242795
"1687",Obelisco,5343.46867969498
"1688",Obelisco,7831.60395782818
"1689",Obelisco,4259.73119770097
"1690",Obelisco,4459.89077087376
"1691",Obelisco,4677.81635282364
"1692",Obelisco,5014.29791385256
"1693",Obelisco,4243.70328211576
"1694",Obelisco,4308.37638040014
"1695",Obelisco,6670.90766228972
"1696",Obelisco,4752.26859839696
"1697",Obelisco,4238.32119048463
"1698",Obelisco,4331.99205115125
"1699",Obelisco,4240.15801308762
"1700",Obelisco,4325.55757136754
"1701",Obelisco,4336.28843892258
"1702",Obelisco,4687.25601787825
"1703",Obelisco,4265.48298027749
"1704",Obelisco,4249.37785067691
"1705",Obelisco,4213.52189216598
"1706",Obelisco,4248.9442803362
"1707",Obelisco,4205.31924622559
"1708",Obelisco,4447.59805075861
"1709",Obelisco,4539.5063650145
"1710",Obelisco,5448.17656605711
"1711",Obelisco,4153.47719160494
"1712",Obelisco,4148.16055006761
"1713",Obelisco,4174.05959452955
"1714",Obelisco,4147.72909342037
"1715",Obelisco,4330.72530563069
"1716",Obelisco,5300.11802502177
"1717",Obelisco,4861.86750651172
"1718",Obelisco,4355.95146142879
"1719",Obelisco,4482.64685005081
"1720",Obelisco,4998.89648764456
"1721",Obelisco,4349.75748675541
"1722",Obelisco,4199.10709691394
"1723",Obelisco,4197.24272872847
"1724",Obelisco,4287.59968348586
"1725",Obelisco,4702.65279296273
"1726",Obelisco,4167.23523692574
"1727",Obelisco,4155.71274602803
"1728",Obelisco,4668.8724117793
"1729",Obelisco,5455.05895835796
"1730",Obelisco,4146.50971833105
"1731",Obelisco,5883.23572605525
"1732",Obelisco,4155.57155316756
"1733",Obelisco,4109.89514200754
"1734",Obelisco,4636.98408452174
"1735",Obelisco,5520.41893140044
"1736",Obelisco,4959.27637220011
"1737",Obelisco,4095.9959781783
"1738",Obelisco,5054.73074754418
"1739",Obelisco,5651.32179908344
"1740",Obelisco,4736.84146690565
"1741",Obelisco,5325.22845313163
"1742",Obelisco,4164.26874190745
"1743",Obelisco,4840.87084596159
"1744",Obelisco,4225.33378398006
"1745",Obelisco,4682.50725271334
"1746",Obelisco,4095.70902479639
"1747",Obelisco,4510.47018926207
"1748",Obelisco,4033.47044031335
"1749",Obelisco,5214.43696235337
"1750",Obelisco,5265.18260077006
"1751",Obelisco,4669.51005150854
"1752",Obelisco,4016.67979333159
"1753",Obelisco,3978.26279921062
"1754",Obelisco,4534.56010936763
"1755",Obelisco,5508.55123327313
"1756",Obelisco,4011.55995273543
"1757",Obelisco,4013.29489152775
"1758",Obelisco,4017.58362264517
"1759",Obelisco,4551.58713073765
"1760",Obelisco,4593.71507717266
"1761",Obelisco,4557.49926859845
"1762",Obelisco,4144.46877016072
"1763",Obelisco,4006.71233131947
"1764",Obelisco,4195.96371952742
"1765",Obelisco,4096.80172212023
"1766",Obelisco,6742.14487186278
"1767",Obelisco,5066.50600641301
"1768",Obelisco,3908.72989904283
"1769",Obelisco,3908.72987409103
"1770",Obelisco,4076.79970023791
"1771",Obelisco,4075.16539744809
"1772",Obelisco,5463.48767264191
"1773",Obelisco,4132.24296494438
"1774",Obelisco,3891.88512199465
"1775",Obelisco,4102.58945863192
"1776",Obelisco,4241.00844938803
"1777",Obelisco,3926.93810360594
"1778",Obelisco,5467.04875925929
"1779",Obelisco,3895.47375536462
"1780",Obelisco,3940.06684260692
"1781",Obelisco,6777.14299385942
"1782",Obelisco,4977.36110695546
"1783",Obelisco,4687.70472986223
"1784",Obelisco,5419.78466938991
"1785",Obelisco,4095.69410889422
"1786",Obelisco,3988.85957732511
"1787",Obelisco,5249.23955098475
"1788",Obelisco,4096.16067123262
"1789",Obelisco,3916.72554212818
"1790",Obelisco,3808.16411372703
"1791",Obelisco,4021.67099323616
"1792",Obelisco,5758.46862545527
"1793",Obelisco,3921.78679417811
"1794",Obelisco,4133.80944569691
"1795",Obelisco,3937.71808247272
"1796",Obelisco,4211.6620994196
"1797",Obelisco,3993.27293007873
"1798",Obelisco,3990.31748055452
"1799",Obelisco,4449.46895838924
"1800",Obelisco,6225.92020063531
"1801",Obelisco,5052.92015718576
"1802",Obelisco,3703.43352893344
"1803",Obelisco,3764.91036077495
"1804",Obelisco,4613.56738505371
"1805",Obelisco,4151.2595271824
"1806",Obelisco,4021.51203238784
"1807",Obelisco,4433.66201639357
"1808",Obelisco,3690.77060618403
"1809",Obelisco,3709.7907954329
"1810",Obelisco,3688.91179997993
"1811",Obelisco,4426.04802980425
"1812",Obelisco,5646.30314022082
"1813",Obelisco,3753.69849068682
"1814",Obelisco,4195.09107792788
"1815",Obelisco,3839.79580114703
"1816",Obelisco,3819.56746982693
"1817",Obelisco,3659.03178508893
"1818",Obelisco,3592.4480366698
"1819",Obelisco,5166.43774958169
"1820",Obelisco,5199.44999722148
"1821",Obelisco,3611.82067746347
"1822",Obelisco,3572.67605421377
"1823",Obelisco,4631.29174403316
"1824",Obelisco,3617.38750532485
"1825",Obelisco,3674.93352215685
"1826",Obelisco,3638.21315005414
"1827",Obelisco,4670.42465610323
"1828",Obelisco,4670.41075030728
"1829",Obelisco,3753.42200368874
"1830",Obelisco,4029.21461746507
"1831",Obelisco,3635.33518509709
"1832",Obelisco,3635.22973714189
"1833",Obelisco,3659.4726394683
"1834",Obelisco,3598.98073764291
"1835",Obelisco,3503.14230186668
"1836",Obelisco,3587.62113277813
"1837",Obelisco,4075.16258461481
"1838",Obelisco,4000.21029944445
"1839",Obelisco,3515.25887712549
"1840",Obelisco,4088.18237181679
"1841",Obelisco,3936.74892950546
"1842",Obelisco,4969.55153400251
"1843",Obelisco,5323.46179041224
"1844",Obelisco,4046.91424089697
"1845",Obelisco,3528.73881977543
"1846",Obelisco,3590.0910970436
"1847",Obelisco,3774.34110254967
"1848",Obelisco,3701.99084529117
"1849",Obelisco,3685.86857191139
"1850",Obelisco,5118.27848569005
"1851",Obelisco,3671.48311103038
"1852",Obelisco,3738.97553849915
"1853",Obelisco,5233.62527600657
"1854",Obelisco,3922.23083728933
"1855",Obelisco,3415.42756685141
"1856",Obelisco,4337.54203057628
"1857",Obelisco,3631.36099719953
"1858",Obelisco,4354.09716180765
"1859",Obelisco,3360.57711009818
"1860",Obelisco,4149.57840564876
"1861",Obelisco,3347.6052480198
"1862",Obelisco,3861.64809986312
"1863",Obelisco,5152.4283492444
"1864",Obelisco,5036.88033960865
"1865",Obelisco,4023.36122806542
"1866",Obelisco,3945.36662475784
"1867",Obelisco,3279.58343089197
"1868",Obelisco,3933.70775141327
"1869",Obelisco,4946.61644339686
"1870",Obelisco,3349.13468227216
"1871",Obelisco,3439.88157894199
"1872",Obelisco,3312.04818723201
"1873",Obelisco,3660.42415848573
"1874",Obelisco,5871.57207997329
"1875",Obelisco,3419.9013386253
"1876",Obelisco,5353.1724394891
"1877",Obelisco,3518.04762390553
"1878",Obelisco,3379.32744125585
"1879",Obelisco,3195.77357473195
"1880",Obelisco,5428.85174521364
"1881",Obelisco,3199.49011492621
"1882",Obelisco,3171.03987088975
"1883",Obelisco,3356.56966944171
"1884",Obelisco,4604.24370974353
"1885",Obelisco,4063.64531320316
"1886",Obelisco,3256.37262890804
"1887",Obelisco,3389.11719122974
"1888",Obelisco,3380.70037843842
"1889",Obelisco,5698.68015332341
"1890",Obelisco,3111.42375299157
"1891",Obelisco,3373.80965386176
"1892",Obelisco,4105.00443425724
"1893",Obelisco,5279.90956158374
"1894",Obelisco,4157.55359891906
"1895",Obelisco,3096.46534069254
"1896",Obelisco,3734.0493425461
"1897",Obelisco,4835.50732865425
"1898",Obelisco,5574.36139338935
"1899",Obelisco,3280.51152233665
"1900",Obelisco,3661.78587919002
"1901",Obelisco,3054.50232925806
"1902",Obelisco,3226.39872407938
"1903",Obelisco,4089.04579098351
"1904",Obelisco,3073.3564392214
"1905",Obelisco,3979.01042457294
"1906",Obelisco,3064.57872783336
"1907",Obelisco,5567.88321333438
"1908",Obelisco,3104.59363355845
"1909",Obelisco,3037.49764557866
"1910",Obelisco,2997.36258633587
"1911",Obelisco,3535.20038068472
"1912",Obelisco,3076.99845781052
"1913",Obelisco,2989.23306376578
"1914",Obelisco,4690.17550936
"1915",Obelisco,3395.81730250861
"1916",Obelisco,2989.04182751821
"1917",Obelisco,5256.74717189931
"1918",Obelisco,4645.63345217384
"1919",Obelisco,3311.72154733462
"1920",Obelisco,3720.59675654142
"1921",Obelisco,3089.55452492334
"1922",Obelisco,3372.09143351582
"1923",Obelisco,4697.74434744088
"1924",Obelisco,2957.42038405136
"1925",Obelisco,3171.22171310417
"1926",Obelisco,4659.51268836631
"1927",Obelisco,3956.82920720602
"1928",Obelisco,3257.74312323715
"1929",Obelisco,3163.66086163694
"1930",Obelisco,2953.17095110816
"1931",Obelisco,3257.16168555138
"1932",Obelisco,3782.19416524312
"1933",Obelisco,2923.95195591478
"1934",Obelisco,4578.76672388443
"1935",Obelisco,4564.92509620357
"1936",Obelisco,2974.85084594357
"1937",Obelisco,2970.07879253253
"1938",Obelisco,3365.87309730124
"1939",Obelisco,3022.58201971125
"1940",Obelisco,3490.98044645528
"1941",Obelisco,3135.66045013189
"1942",Obelisco,4787.00433324744
"1943",Obelisco,5961.97722189611
"1944",Obelisco,3027.09986458446
"1945",Obelisco,4865.64296967086
"1946",Obelisco,4315.82352833418
"1947",Obelisco,3527.9117982843
"1948",Obelisco,3777.29487659564
"1949",Obelisco,4880.76496011857
"1950",Obelisco,2866.03175476184
"1951",Obelisco,2856.39367771175
"1952",Obelisco,3398.50286344201
"1953",Obelisco,5526.45323401092
"1954",Obelisco,5530.6356202824
"1955",Obelisco,4688.47723263812
"1956",Obelisco,4165.33603808697
"1957",Obelisco,3733.01710617105
"1958",Obelisco,3257.41891999125
"1959",Obelisco,6220.61268107692
"1960",Obelisco,2954.70131642827
"1961",Obelisco,3631.14577477355
"1962",Obelisco,5596.84640459324
"1963",Obelisco,5604.32424819797
"1964",Obelisco,6216.83575121154
"1965",Obelisco,3153.02404756394
"1966",Obelisco,2991.35025296261
"1967",Obelisco,2698.5982993308
"1968",Obelisco,2698.58043562225
"1969",Obelisco,4592.88211593509
"1970",Obelisco,3948.89182771427
"1971",Obelisco,2815.10212678325
"1972",Obelisco,2813.97391501376
"1973",Obelisco,2724.20928986444
"1974",Obelisco,2648.25246444364
"1975",Obelisco,2771.58488207477
"1976",Obelisco,3535.2608179573
"1977",Obelisco,2769.5935974742
"1978",Obelisco,6072.40790491593
"1979",Obelisco,3898.62156904854
"1980",Obelisco,2862.73034696025
"1981",Obelisco,6342.46466567139
"1982",Obelisco,2716.61362030628
"1983",Obelisco,2820.08100502299
"1984",Obelisco,2551.47804314803
"1985",Obelisco,2641.12174092852
"1986",Obelisco,5605.72856930293
"1987",Obelisco,3179.86397621356
"1988",Obelisco,2698.74409497518
"1989",Obelisco,5629.33156198456
"1990",Obelisco,4890.60974315285
"1991",Obelisco,2601.18637552843
"1992",Obelisco,2481.26610369455
"1993",Obelisco,3641.64446882251
"1994",Obelisco,4947.59382409598
"1995",Obelisco,3445.06613522995
"1996",Obelisco,2452.31921269207
"1997",Obelisco,3980.44382650023
"1998",Obelisco,5352.79489499051
"1999",Obelisco,6359.2590510826
"2000",Obelisco,4178.35461110005
"2001",Obelisco,2958.02834288841
"2002",Obelisco,2718.72288177995
"2003",Obelisco,5784.75992006646
"2004",Obelisco,3851.09888903619
"2005",Obelisco,2898.87320136519
"2006",Obelisco,2652.28746435404
"2007",Obelisco,4325.4159149733
"2008",Obelisco,2573.44175621728
"2009",Obelisco,2393.32228836598
"2010",Obelisco,2720.88240031523
"2011",Obelisco,3325.12596388134
"2012",Obelisco,2734.45031381039
"2013",Obelisco,2730.06703131123
"2014",Obelisco,2578.51961822469
"2015",Obelisco,4168.61547216926
"2016",Obelisco,2694.32843312568
"2017",Obelisco,2481.41751454404
"2018",Obelisco,2780.60562139089
"2019",Obelisco,2544.79613758364
"2020",Obelisco,2291.76138110955
"2021",Obelisco,3813.65696541795
"2022",Obelisco,2944.95709126984
"2023",Obelisco,3057.64676939675
"2024",Obelisco,3339.84737336516
"2025",Obelisco,3030.24069443671
"2026",Obelisco,2567.48232217179
"2027",Obelisco,5289.91206867041
"2028",Obelisco,3110.12189465999
"2029",Obelisco,4031.11177316547
"2030",Obelisco,2350.77740604928
"2031",Obelisco,2350.75287424055
"2032",Obelisco,3881.21998909481
"2033",Obelisco,4246.23753409763
"2034",Obelisco,3064.32207437294
"2035",Obelisco,3183.74881433112
"2036",Obelisco,2438.88327250464
"2037",Obelisco,2405.74874082249
"2038",Obelisco,2427.86962633581
"2039",Obelisco,2417.49282403972
"2040",Obelisco,2312.91217926661
"2041",Obelisco,4365.87744275111
"2042",Obelisco,2715.7167627529
"2043",Obelisco,4551.09228410112
"2044",Obelisco,3650.52477569343
"2045",Obelisco,2357.36407615648
"2046",Obelisco,2349.46862239236
"2047",Obelisco,2578.0690754265
"2048",Obelisco,2465.26086159233
"2049",Obelisco,4286.55068874123
"2050",Obelisco,3017.9146468543
"2051",Obelisco,2925.55598404347
"2052",Obelisco,3696.66840828058
"2053",Obelisco,2317.00040999142
"2054",Obelisco,2605.33168769456
"2055",Obelisco,2316.66705809619
"2056",Obelisco,2495.46570153961
"2057",Obelisco,3182.32109933618
"2058",Obelisco,2939.32118806105
"2059",Obelisco,2400.48161591096
"2060",Obelisco,3335.64971854309
"2061",Obelisco,2041.30126025094
"2062",Obelisco,2034.81716177847
"2063",Obelisco,4275.10851928138
"2064",Obelisco,4279.29076591256
"2065",Obelisco,4252.5634774687
"2066",Obelisco,3539.62395666958
"2067",Obelisco,2343.96209175303
"2068",Obelisco,4175.05116249528
"2069",Obelisco,3454.19933542592
"2070",Obelisco,2425.77045079414
"2071",Obelisco,1910.57543129483
"2072",Obelisco,2940.36735022154
"2073",Obelisco,3506.61267169935
"2074",Obelisco,2333.43289672647
"2075",Obelisco,3259.52256702791
"2076",Obelisco,2299.55152091169
"2077",Obelisco,2728.40691190882
"2078",Obelisco,2091.18548838356
"2079",Obelisco,2108.65801162161
"2080",Obelisco,4366.85608470134
"2081",Obelisco,2804.2249363234
"2082",Obelisco,4310.6906278702
"2083",Obelisco,2510.66656638173
"2084",Obelisco,2902.55358938101
"2085",Obelisco,4159.47423491095
"2086",Obelisco,2817.01218836687
"2087",Obelisco,3904.24632079021
"2088",Obelisco,4024.03795643178
"2089",Obelisco,3618.18983850878
"2090",Obelisco,2832.42790934608
"2091",Obelisco,4157.56579952518
"2092",Obelisco,4157.54695116148
"2093",Obelisco,2297.50930421105
"2094",Obelisco,2571.64719170824
"2095",Obelisco,2378.24347545515
"2096",Obelisco,2412.17115481498
"2097",Obelisco,1966.06549730176
"2098",Obelisco,3208.16627140469
"2099",Obelisco,2260.19559225005
"2100",Obelisco,4071.80850539619
"2101",Obelisco,4067.08564735978
"2102",Obelisco,3876.37017759883
"2103",Obelisco,3829.21434781771
"2104",Obelisco,3526.32879331274
"2105",Obelisco,3882.25529307154
"2106",Obelisco,3571.23748756837
"2107",Obelisco,1778.52853232249
"2108",Obelisco,4360.62764960991
"2109",Obelisco,1542.60534113784
"2110",Obelisco,4383.23251337309
"2111",Obelisco,2764.84335762524
"2112",Obelisco,2056.99869508143
"2113",Obelisco,4127.51912900822
"2114",Obelisco,3480.12199719383
"2115",Obelisco,4171.96326072993
"2116",Obelisco,2696.58686963594
"2117",Obelisco,2119.79340079135
"2118",Obelisco,1786.60113887767
"2119",Obelisco,2205.82009385418
"2120",Obelisco,3208.45455082235
"2121",Obelisco,2122.40663628985
"2122",Obelisco,2732.35957072212
"2123",Obelisco,4288.71221740484
"2124",Obelisco,4347.4749718687
"2125",Obelisco,1460.59560699105
"2126",Obelisco,2560.45554223618
"2127",Obelisco,1785.35224336731
"2128",Obelisco,4168.49635252358
"2129",Obelisco,1474.54614857549
"2130",Obelisco,3552.28137690706
"2131",Obelisco,2405.78212898938
"2132",Obelisco,3913.92597275745
"2133",Obelisco,1280.1899743821
"2134",Obelisco,1815.3486265059
"2135",Obelisco,1272.95129110073
"2136",Obelisco,3670.99339892937
"2137",Obelisco,1704.86386167925
"2138",Obelisco,1726.47650930543
"2139",Obelisco,1724.81411956854
"2140",Obelisco,2575.5663612758
"2141",Obelisco,1624.23876191506
"2142",Obelisco,2225.60454849472
"2143",Obelisco,2241.09991518018
"2144",Obelisco,1756.76377372899
"2145",Obelisco,1173.93436407714
"2146",Obelisco,2441.25192501718
"2147",Obelisco,2350.8863647959
"2148",Obelisco,1684.16005473333
"2149",Obelisco,1250.30122790575
"2150",Obelisco,2403.01273502959
"2151",Obelisco,2103.21926478705
"2152",Obelisco,1825.08581882897
"2153",Obelisco,2252.90705244678
"2154",Obelisco,1132.61258958284
"2155",Obelisco,1228.30181489093
"2156",Obelisco,1046.40535373812
"2157",Obelisco,1967.34030180732
"2158",Obelisco,1197.3782560289
"2159",Obelisco,1719.87220158054
"2160",Obelisco,1215.92707225716
"2161",Obelisco,1958.69655457099
"2162",Obelisco,917.589703875236
"2163",Obelisco,3461.59189500759
"2164",Obelisco,2166.48201343789
"2165",Obelisco,3855.68681232106
"2166",Obelisco,882.644560589815
"2167",Obelisco,3318.17867788892
"2168",Obelisco,893.605209566782
"2169",Obelisco,889.553338993501
"2170",Obelisco,2746.7966193569
"2171",Obelisco,3879.10829599214
"2172",Obelisco,2842.31810450791
"2173",Obelisco,4156.72384135657
"2174",Obelisco,3170.83428254061
"2175",Obelisco,3029.53436223377
"2176",Obelisco,731.751039284729
"2177",Obelisco,846.193293901131
"2178",Obelisco,702.826548298145
"2179",Obelisco,1955.93704329602
"2180",Obelisco,1374.71174436506
"2181",Obelisco,726.912714159955
"2182",Obelisco,5621.25997064554
"2183",Obelisco,3977.46929551062
"2184",Obelisco,681.865643422283
"2185",Obelisco,1772.29750068912
"2186",Obelisco,1772.19626323626
"2187",Obelisco,1442.65720965478
"2188",Obelisco,2394.23224725805
"2189",Obelisco,1412.02942941787
"2190",Obelisco,2015.52073999536
"2191",Obelisco,2611.77575357173
"2192",Obelisco,2634.88914346986
"2193",Obelisco,5586.07432428812
"2194",Obelisco,1637.41671098145
"2195",Obelisco,2625.85486434546
"2196",Obelisco,2789.55009452601
"2197",Obelisco,2634.21409144147
"2198",Obelisco,3551.02347527893
"2199",Obelisco,2537.7050234716
"2200",Obelisco,2723.09428334001
"2201",Obelisco,2804.61926907047
"2202",Obelisco,1158.53483501512
"2203",Obelisco,681.93183426152
"2204",Obelisco,2752.64158367348
"2205",Obelisco,2230.6365977218
"2206",Obelisco,2172.18588787341
"2207",Obelisco,1573.96530364909
"2208",Obelisco,1784.71571269585
"2209",Obelisco,2745.98405190231
"2210",Obelisco,3204.03808220722
"2211",Obelisco,2275.94149830677
"2212",Obelisco,1804.36057433023
"2213",Obelisco,3257.07992410504
"2214",Obelisco,3163.84385232082
"2215",Obelisco,2824.4151786754
"2216",Obelisco,2834.8046255253
"2217",Obelisco,1941.28771035001
"2218",Obelisco,1449.39791821904
"2219",Obelisco,3376.52038477127
"2220",Obelisco,3333.38778022854
"2221",Obelisco,2050.25703266941
"2222",Obelisco,887.155186101693
"2223",Obelisco,16.6122863487411
"2224",Obelisco,1059.75682483704
"2225",Obelisco,4644.62347490144
"2226",Obelisco,42.4137208172111
"2227",Obelisco,374.432213341316
"2228",Obelisco,166.569656268829
"2229",Obelisco,1071.84121115217
"2230",Obelisco,558.890066799476
"2231",Obelisco,1556.49524282508
"2232",Obelisco,1797.32135453429
"2233",Obelisco,817.451636501293
"2234",Obelisco,817.412992915687
"2235",Obelisco,282.292133751828
"2236",Obelisco,821.157521874523
"2237",Obelisco,280.029966592923
"2238",Obelisco,5262.27819150535
"2239",Obelisco,1662.55909737148
"2240",Obelisco,1148.50409922851
"2241",Obelisco,1210.86435638084
"2242",Obelisco,4457.54516999489
"2243",Obelisco,701.654488424823
"2244",Obelisco,386.642600707829
"2245",Obelisco,637.271830449112
"2246",Obelisco,4821.60784311366
"2247",Obelisco,428.677472852099
"2248",Obelisco,3792.44038802099
"2249",Obelisco,5651.56041833585
"2250",Obelisco,874.074618986052
"2251",Obelisco,393.748304232249
"2252",Obelisco,4567.10544965212
"2253",Obelisco,1158.99853048692
"2254",Obelisco,2720.06524338011
"2255",Obelisco,514.484964765168
"2256",Obelisco,3232.79641021583
"2257",Obelisco,1817.55780585784
"2258",Obelisco,1273.90696685233
"2259",Obelisco,1912.79920957886
"2260",Obelisco,1292.2541361999
"2261",Obelisco,2532.09158348052
"2262",Obelisco,3038.23029017285
"2263",Obelisco,4218.62920661759
"2264",Obelisco,2838.52332793783
"2265",Obelisco,686.955176393
"2266",Obelisco,4165.27344239406
"2267",Obelisco,5010.09120237484
"2268",Obelisco,5031.6869372801
"2269",Obelisco,1097.43518814312
"2270",Obelisco,1141.11713912601
"2271",Obelisco,4064.99122763381
"2272",Obelisco,4948.87266269139
"2273",Obelisco,4994.56263259599
"2274",Obelisco,4154.21703945114
"2275",Obelisco,3031.00392939679
"2276",Obelisco,2236.44670669598
"2277",Obelisco,2446.2569236782
"2278",Obelisco,4776.06910839251
"2279",Obelisco,1918.21783262338
"2280",Obelisco,4409.1215681964
"2281",Obelisco,1442.44462014266
"2282",Obelisco,3374.45328975734
"2283",Obelisco,3309.72157646834
"2284",Obelisco,3803.48763183245
"2285",Obelisco,4681.42465792313
"2286",Obelisco,4697.03464562779
"2287",Obelisco,4699.36139076882
"2288",Obelisco,3111.904581378
"2289",Obelisco,2306.73569230971
"2290",Obelisco,4847.62603157201
"2291",Obelisco,4114.56527840279
"2292",Obelisco,4415.61792653005
"2293",Obelisco,4375.52729065801
"2294",Obelisco,4407.85545593121
"2295",Obelisco,4711.17987437485
"2296",Obelisco,2650.12920292473
"2297",Obelisco,3159.63440508533
"2298",Obelisco,3991.00833688278
"2299",Obelisco,3735.36283091643
"2300",Obelisco,1670.12337074953
"2301",Obelisco,4374.34976583102
"2302",Obelisco,4082.24588786387
"2303",Obelisco,4410.37691809599
"2304",Obelisco,4459.3528082828
"2305",Obelisco,4591.88656473683
"2306",Obelisco,4841.95824646377
"2307",Obelisco,3690.46107503806
"2308",Obelisco,3789.08961747789
"2309",Obelisco,4841.0037197848
"2310",Obelisco,4843.18928349543
"2311",Obelisco,4555.98880661043
"2312",Obelisco,3647.97838062971
"2313",Obelisco,3571.74521499769
"2314",Obelisco,4878.05060632621
"2315",Obelisco,4094.38737954289
"2316",Obelisco,3364.74303667463
"2317",Obelisco,3532.82342551647
"2318",Obelisco,4166.41254077303
"2319",Obelisco,2808.91283701859
"2320",Obelisco,4295.86345777663
"2321",Obelisco,9238.75915504818
